[
  "{\"Graph_name\": \"aspartate_biosynthesis_II.grp\", \"Node Average of Graph\": \"0.5\", \"Strength Average of Graph\": \"5.0\", \"Average weight of  Graph\": \"10.0\", \"Characteristic Path Length of  Graph\": \"5.0\", \"Clustering Coefficient of Graph\": \"0.0\", \"Closeness_Centrality\": \"[inf, 0.1]\"}",
  "{\"Graph_name\": \"glycolysis_I.grp\", \"Node Average of Graph\": \"1.0\", \"Strength Average of Graph\": \"5.777777777777778\", \"Average weight of  Graph\": \"5.777777777777778\", \"Characteristic Path Length of  Graph\": \"7.291666666666667\", \"Clustering Coefficient of Graph\": \"0.1111111111111111\", \"Closeness_Centrality\": \"[0.04819277108433735, 0.0784313725490196, 0.1509433962264151, 0.0851063829787234, 0.18181818181818182, 0.2222222222222222, 0.38095238095238093, 0.8888888888888888, inf]\"}",
  "{\"Graph_name\": \"purine_nucleotides_(i)de_novo(-i)_biosynthesis_II.grp\", \"Node Average of Graph\": \"1.0\", \"Strength Average of Graph\": \"5.230769230769231\", \"Average weight of  Graph\": \"5.230769230769231\", \"Characteristic Path Length of  Graph\": \"11.698717948717949\", \"Clustering Coefficient of Graph\": \"0.0\", \"Closeness_Centrality\": \"[inf, 1.2, 0.24489795918367346, 0.2553191489361702, 0.2553191489361702, 0.23529411764705882, 0.1411764705882353, 0.08955223880597014, 0.05825242718446602, 0.04780876494023904, 0.04597701149425287, 0.04081632653061224, 0.03076923076923077]\"}",
  "{\"Graph_name\": \"galactose_degradation_II.grp\", \"Node Average of Graph\": \"0.8333333333333334\", \"Strength Average of Graph\": \"5.0\", \"Average weight of  Graph\": \"6.0\", \"Characteristic Path Length of  Graph\": \"4.3\", \"Clustering Coefficient of Graph\": \"0.0\", \"Closeness_Centrality\": \"[inf, inf, inf, 0.23809523809523808, 0.10204081632653061, 0.0847457627118644]\"}",
  "{\"Graph_name\": \"UDP-(i)N(-i)-acetyl-D-glucosamine_biosynthesis.grp\", \"Node Average of Graph\": \"0.75\", \"Strength Average of Graph\": \"3.5\", \"Average weight of  Graph\": \"4.666666666666667\", \"Characteristic Path Length of  Graph\": \"3.75\", \"Clustering Coefficient of Graph\": \"0.0\", \"Closeness_Centrality\": \"[0.3333333333333333, 0.2, 0.14285714285714285, inf]\"}",
  "{\"Graph_name\": \"cysteine_biosynthesis_I.grp\", \"Node Average of Graph\": \"0.5\", \"Strength Average of Graph\": \"4.0\", \"Average weight of  Graph\": \"8.0\", \"Characteristic Path Length of  Graph\": \"4.0\", \"Clustering Coefficient of Graph\": \"0.0\", \"Closeness_Centrality\": \"[inf, 0.125]\"}",
  "{\"Graph_name\": \"(i)S(-i)-adenosyl-L-methionine_cycle.grp\", \"Node Average of Graph\": \"1.0\", \"Strength Average of Graph\": \"6.5\", \"Average weight of  Graph\": \"6.5\", \"Characteristic Path Length of  Graph\": \"13.0\", \"Clustering Coefficient of Graph\": \"0.0\", \"Closeness_Centrality\": \"[0.10344827586206896, 0.05660377358490566, 0.07692307692307693, 0.08571428571428572]\"}",
  "{\"Graph_name\": \"salvage_pathways_of_pyrimidine_ribonucleotides.grp\", \"Node Average of Graph\": \"0.75\", \"Strength Average of Graph\": \"6.125\", \"Average weight of  Graph\": \"8.166666666666666\", \"Characteristic Path Length of  Graph\": \"1.5\", \"Clustering Coefficient of Graph\": \"0.0\", \"Closeness_Centrality\": \"[0.2413793103448276, inf, 0.7, 0.23333333333333334, 1.1666666666666667, 0.7777777777777778, inf, inf]\"}",
  "{\"Graph_name\": \"fatty_acid_elongation_--_unsaturated_I.grp\", \"Node Average of Graph\": \"0.6666666666666666\", \"Strength Average of Graph\": \"4.0\", \"Average weight of  Graph\": \"6.0\", \"Characteristic Path Length of  Graph\": \"4.0\", \"Clustering Coefficient of Graph\": \"0.0\", \"Closeness_Centrality\": \"[0.11764705882352941, 0.2857142857142857, inf]\"}",
  "{\"Graph_name\": \"aspartate_degradation_II.grp\", \"Node Average of Graph\": \"0.5\", \"Strength Average of Graph\": \"4.0\", \"Average weight of  Graph\": \"8.0\", \"Characteristic Path Length of  Graph\": \"4.0\", \"Clustering Coefficient of Graph\": \"0.0\", \"Closeness_Centrality\": \"[0.125, inf]\"}",
  "{\"Graph_name\": \"lactate_oxidation.grp\", \"Node Average of Graph\": \"0.75\", \"Strength Average of Graph\": \"4.75\", \"Average weight of  Graph\": \"6.333333333333333\", \"Characteristic Path Length of  Graph\": \"5.5\", \"Clustering Coefficient of Graph\": \"0.0\", \"Closeness_Centrality\": \"[0.1111111111111111, inf, 0.3333333333333333, 0.1]\"}",
  "{\"Graph_name\": \"Entner-Doudoroff_pathway_I.grp\", \"Node Average of Graph\": \"0.5\", \"Strength Average of Graph\": \"2.5\", \"Average weight of  Graph\": \"5.0\", \"Characteristic Path Length of  Graph\": \"2.5\", \"Clustering Coefficient of Graph\": \"0.0\", \"Closeness_Centrality\": \"[0.2, inf]\"}",
  "{\"Graph_name\": \"glyceraldehyde_3-phosphate_degradation.grp\", \"Node Average of Graph\": \"0.8\", \"Strength Average of Graph\": \"3.4\", \"Average weight of  Graph\": \"4.25\", \"Characteristic Path Length of  Graph\": \"3.9\", \"Clustering Coefficient of Graph\": \"0.0\", \"Closeness_Centrality\": \"[inf, 1.3333333333333333, 0.8, 0.23529411764705882, 0.07547169811320754]\"}",
  "{\"Graph_name\": \"chorismate_biosynthesis.grp\", \"Node Average of Graph\": \"0.8571428571428571\", \"Strength Average of Graph\": \"1.7142857142857142\", \"Average weight of  Graph\": \"2.0\", \"Characteristic Path Length of  Graph\": \"2.7142857142857144\", \"Clustering Coefficient of Graph\": \"0.0\", \"Closeness_Centrality\": \"[0.15384615384615385, 0.18181818181818182, 0.3333333333333333, 0.42857142857142855, 0.75, 3.0, inf]\"}",
  "{\"Graph_name\": \"sorbitol_utilization.grp\", \"Node Average of Graph\": \"None\", \"Strength Average of Graph\": \"nan\", \"Average weight of  Graph\": \"nan\", \"Characteristic Path Length of  Graph\": \"None\", \"Clustering Coefficient of Graph\": \"0\", \"Closeness_Centrality\": \"[]\"}",
  "{\"Graph_name\": \"glycerol_degradation_I.grp\", \"Node Average of Graph\": \"0.6666666666666666\", \"Strength Average of Graph\": \"3.0\", \"Average weight of  Graph\": \"4.5\", \"Characteristic Path Length of  Graph\": \"1.5\", \"Clustering Coefficient of Graph\": \"0.0\", \"Closeness_Centrality\": \"[0.2857142857142857, 1.0, inf]\"}",
  "{\"Graph_name\": \"L-arabinose_degradation.grp\", \"Node Average of Graph\": \"0.6666666666666666\", \"Strength Average of Graph\": \"4.333333333333333\", \"Average weight of  Graph\": \"6.5\", \"Characteristic Path Length of  Graph\": \"4.333333333333333\", \"Clustering Coefficient of Graph\": \"0.0\", \"Closeness_Centrality\": \"[0.2222222222222222, inf, 0.11764705882352941]\"}",
  "{\"Graph_name\": \"superpathway_of_gluconate_degradation.grp\", \"Node Average of Graph\": \"0.8\", \"Strength Average of Graph\": \"5.0\", \"Average weight of  Graph\": \"6.25\", \"Characteristic Path Length of  Graph\": \"2.5\", \"Clustering Coefficient of Graph\": \"0.0\", \"Closeness_Centrality\": \"[0.09090909090909091, inf, 1.3333333333333333, 1.3333333333333333, inf]\"}",
  "{\"Graph_name\": \"reductive_acetyl_coenzyme_A_pathway.grp\", \"Node Average of Graph\": \"1.0\", \"Strength Average of Graph\": \"4.444444444444445\", \"Average weight of  Graph\": \"4.444444444444445\", \"Characteristic Path Length of  Graph\": \"3.986111111111111\", \"Clustering Coefficient of Graph\": \"0.0\", \"Closeness_Centrality\": \"[inf, 2.0, 0.36363636363636365, 0.26666666666666666, 0.19047619047619047, 0.26666666666666666, 0.22857142857142856, 0.1951219512195122, 0.0963855421686747]\"}",
  "{\"Graph_name\": \"purine_nucleotides_(i)de_novo(-i)_biosynthesis_I.grp\", \"Node Average of Graph\": \"1.8125\", \"Strength Average of Graph\": \"9.6875\", \"Average weight of  Graph\": \"5.344827586206897\", \"Characteristic Path Length of  Graph\": \"15.2\", \"Clustering Coefficient of Graph\": \"0\", \"Closeness_Centrality\": \"[0.06198347107438017, 0.06607929515418502, 0.07317073170731707, 0.07772020725388601, 0.06224066390041494, 0.06880733944954129, 0.09146341463414634, 0.08108108108108109, 0.11450381679389313, 0.07936507936507936, 0.075, 0.060240963855421686, 0.05226480836236934, 0.05190311418685121, 0.05016722408026756, 0.04559270516717325]\"}",
  "{\"Graph_name\": \"N-acetyl-glucosamine_degradation.grp\", \"Node Average of Graph\": \"0.6666666666666666\", \"Strength Average of Graph\": \"4.666666666666667\", \"Average weight of  Graph\": \"7.0\", \"Characteristic Path Length of  Graph\": \"4.666666666666667\", \"Clustering Coefficient of Graph\": \"0.0\", \"Closeness_Centrality\": \"[0.09523809523809523, 0.2857142857142857, inf]\"}",
  "{\"Graph_name\": \"glycerol_degradation_IV.grp\", \"Node Average of Graph\": \"0.5\", \"Strength Average of Graph\": \"1.0\", \"Average weight of  Graph\": \"2.0\", \"Characteristic Path Length of  Graph\": \"1.0\", \"Clustering Coefficient of Graph\": \"0.0\", \"Closeness_Centrality\": \"[inf, 0.5]\"}",
  "{\"Graph_name\": \"enterobactin_biosynthesis.grp\", \"Node Average of Graph\": \"0.75\", \"Strength Average of Graph\": \"6.0\", \"Average weight of  Graph\": \"8.0\", \"Characteristic Path Length of  Graph\": \"6.583333333333333\", \"Clustering Coefficient of Graph\": \"0.0\", \"Closeness_Centrality\": \"[inf, 0.375, 0.13636363636363635, 0.061224489795918366]\"}",
  "{\"Graph_name\": \"PRPP_biosynthesis_I.grp\", \"Node Average of Graph\": \"None\", \"Strength Average of Graph\": \"nan\", \"Average weight of  Graph\": \"nan\", \"Characteristic Path Length of  Graph\": \"None\", \"Clustering Coefficient of Graph\": \"0\", \"Closeness_Centrality\": \"[]\"}",
  "{\"Graph_name\": \"-beta--D-glucuronide_degradation.grp\", \"Node Average of Graph\": \"0.8\", \"Strength Average of Graph\": \"4.6\", \"Average weight of  Graph\": \"5.75\", \"Characteristic Path Length of  Graph\": \"5.5\", \"Clustering Coefficient of Graph\": \"0.0\", \"Closeness_Centrality\": \"[0.06666666666666667, 0.16666666666666666, 0.19047619047619047, inf, 0.8]\"}",
  "{\"Graph_name\": \"D-galacturonate_degradation.grp\", \"Node Average of Graph\": \"0.75\", \"Strength Average of Graph\": \"5.25\", \"Average weight of  Graph\": \"7.0\", \"Characteristic Path Length of  Graph\": \"6.083333333333333\", \"Clustering Coefficient of Graph\": \"0.0\", \"Closeness_Centrality\": \"[0.06976744186046512, 0.12, inf, 0.6]\"}",
  "{\"Graph_name\": \"serine_biosynthesis.grp\", \"Node Average of Graph\": \"0.6666666666666666\", \"Strength Average of Graph\": \"6.0\", \"Average weight of  Graph\": \"9.0\", \"Characteristic Path Length of  Graph\": \"6.0\", \"Clustering Coefficient of Graph\": \"0.0\", \"Closeness_Centrality\": \"[inf, 0.07407407407407407, 0.2222222222222222]\"}",
  "{\"Graph_name\": \"tyrosine_biosynthesis_I.grp\", \"Node Average of Graph\": \"0.6666666666666666\", \"Strength Average of Graph\": \"3.6666666666666665\", \"Average weight of  Graph\": \"5.5\", \"Characteristic Path Length of  Graph\": \"3.6666666666666665\", \"Clustering Coefficient of Graph\": \"0.0\", \"Closeness_Centrality\": \"[0.09523809523809523, 2.0, inf]\"}",
  "{\"Graph_name\": \"glutamate_degradation_II.grp\", \"Node Average of Graph\": \"0.5\", \"Strength Average of Graph\": \"0.5\", \"Average weight of  Graph\": \"1.0\", \"Characteristic Path Length of  Graph\": \"0.5\", \"Clustering Coefficient of Graph\": \"0.0\", \"Closeness_Centrality\": \"[inf, 1.0]\"}",
  "{\"Graph_name\": \"acetate_utilization_and_formation.grp\", \"Node Average of Graph\": \"0.5\", \"Strength Average of Graph\": \"2.0\", \"Average weight of  Graph\": \"4.0\", \"Characteristic Path Length of  Graph\": \"2.0\", \"Clustering Coefficient of Graph\": \"0.0\", \"Closeness_Centrality\": \"[inf, 0.25]\"}",
  "{\"Graph_name\": \"superpathway_of_glycolysis+Entner-Doudoroff.grp\", \"Node Average of Graph\": \"1.0\", \"Strength Average of Graph\": \"6.076923076923077\", \"Average weight of  Graph\": \"6.076923076923077\", \"Characteristic Path Length of  Graph\": \"7.839743589743589\", \"Clustering Coefficient of Graph\": \"0.07692307692307693\", \"Closeness_Centrality\": \"[0.05825242718446602, 0.05042016806722689, 0.08391608391608392, 0.14457831325301204, 0.08823529411764706, 0.10714285714285714, 0.11428571428571428, 0.13636363636363635, 0.25, 0.3, 0.5454545454545454, 6.0, inf]\"}",
  "{\"Graph_name\": \"pyridoxal_5--phosphate_biosynthesis.grp\", \"Node Average of Graph\": \"0.875\", \"Strength Average of Graph\": \"4.375\", \"Average weight of  Graph\": \"5.0\", \"Characteristic Path Length of  Graph\": \"5.625\", \"Clustering Coefficient of Graph\": \"0.0\", \"Closeness_Centrality\": \"[0.4666666666666667, 0.16666666666666666, 0.10606060606060606, 0.09859154929577464, 2.3333333333333335, 0.6363636363636364, 0.06542056074766354, inf]\"}",
  "{\"Graph_name\": \"valine_degradation_I.grp\", \"Node Average of Graph\": \"0.8571428571428571\", \"Strength Average of Graph\": \"5.142857142857143\", \"Average weight of  Graph\": \"6.0\", \"Characteristic Path Length of  Graph\": \"8.238095238095237\", \"Clustering Coefficient of Graph\": \"0.0\", \"Closeness_Centrality\": \"[0.07228915662650602, inf, 3.0, 0.375, 0.15, 0.08823529411764706, 0.043795620437956206]\"}",
  "{\"Graph_name\": \"fatty_acid_biosynthesis_-_initial_steps_II_(plant).grp\", \"Node Average of Graph\": \"0.6666666666666666\", \"Strength Average of Graph\": \"6.666666666666667\", \"Average weight of  Graph\": \"10.0\", \"Characteristic Path Length of  Graph\": \"6.666666666666667\", \"Clustering Coefficient of Graph\": \"0.0\", \"Closeness_Centrality\": \"[inf, 0.2, 0.06666666666666667]\"}",
  "{\"Graph_name\": \"gluconeogenesis.grp\", \"Node Average of Graph\": \"0.9090909090909091\", \"Strength Average of Graph\": \"5.454545454545454\", \"Average weight of  Graph\": \"6.0\", \"Characteristic Path Length of  Graph\": \"11.672727272727272\", \"Clustering Coefficient of Graph\": \"0.0\", \"Closeness_Centrality\": \"[0.05263157894736842, 0.0390625, 0.04310344827586207, 0.050505050505050504, 0.05917159763313609, 0.09174311926605505, 0.13513513513513514, 0.2631578947368421, 0.9090909090909091, 1.4285714285714286, inf]\"}",
  "{\"Graph_name\": \"salvage_pathways_of_purine_and_pyrimidine_nucleotides.grp\", \"Node Average of Graph\": \"1.3529411764705883\", \"Strength Average of Graph\": \"8.058823529411764\", \"Average weight of  Graph\": \"5.956521739130435\", \"Characteristic Path Length of  Graph\": \"4.014705882352941\", \"Clustering Coefficient of Graph\": \"0.1470588235294118\", \"Closeness_Centrality\": \"[1.0666666666666667, 0.5517241379310345, 0.13793103448275862, 0.3902439024390244, 0.21052631578947367, 0.11764705882352941, 0.4444444444444444, 0.47058823529411764, 0.2807017543859649, 0.25806451612903225, 0.1095890410958904, inf, 0.26229508196721313, 0.22535211267605634, 0.18823529411764706, 0.3902439024390244, 0.18604651162790697]\"}",
  "{\"Graph_name\": \"thiamine_biosynthesis.grp\", \"Node Average of Graph\": \"1.0\", \"Strength Average of Graph\": \"6.875\", \"Average weight of  Graph\": \"6.875\", \"Characteristic Path Length of  Graph\": \"3.017857142857143\", \"Clustering Coefficient of Graph\": \"0.125\", \"Closeness_Centrality\": \"[0.14893617021276595, 0.13725490196078433, 0.30434782608695654, 0.4117647058823529, 0.3333333333333333, 2.3333333333333335, inf, 1.0]\"}",
  "{\"Graph_name\": \"tRNA_charging_pathway.grp\", \"Node Average of Graph\": \"None\", \"Strength Average of Graph\": \"nan\", \"Average weight of  Graph\": \"nan\", \"Characteristic Path Length of  Graph\": \"None\", \"Clustering Coefficient of Graph\": \"0\", \"Closeness_Centrality\": \"[]\"}",
  "{\"Graph_name\": \"ppGpp_biosynthesis.grp\", \"Node Average of Graph\": \"1.3333333333333333\", \"Strength Average of Graph\": \"8.0\", \"Average weight of  Graph\": \"6.0\", \"Characteristic Path Length of  Graph\": \"7.333333333333333\", \"Clustering Coefficient of Graph\": \"0.3333333333333333\", \"Closeness_Centrality\": \"[0.11764705882352941, 0.11764705882352941, 0.2]\"}",
  "{\"Graph_name\": \"leucine_biosynthesis.grp\", \"Node Average of Graph\": \"0.8\", \"Strength Average of Graph\": \"5.8\", \"Average weight of  Graph\": \"7.25\", \"Characteristic Path Length of  Graph\": \"7.0\", \"Clustering Coefficient of Graph\": \"0.0\", \"Closeness_Centrality\": \"[0.5, 0.0547945205479452, 0.10810810810810811, inf, 0.18181818181818182]\"}",
  "{\"Graph_name\": \"glutamine_degradation_III.grp\", \"Node Average of Graph\": \"0.6666666666666666\", \"Strength Average of Graph\": \"3.3333333333333335\", \"Average weight of  Graph\": \"5.0\", \"Characteristic Path Length of  Graph\": \"3.3333333333333335\", \"Clustering Coefficient of Graph\": \"0.0\", \"Closeness_Centrality\": \"[inf, 0.5, 0.125]\"}",
  "{\"Graph_name\": \"cobalamin_biosynthesis_II_(aerobic_pathway).grp\", \"Node Average of Graph\": \"0.9444444444444444\", \"Strength Average of Graph\": \"4.944444444444445\", \"Average weight of  Graph\": \"5.235294117647059\", \"Characteristic Path Length of  Graph\": \"18.65359477124183\", \"Clustering Coefficient of Graph\": \"0.0\", \"Closeness_Centrality\": \"[0.85, 2.125, inf, 2.8333333333333335, 0.38636363636363635, 0.288135593220339, 0.1588785046728972, 0.14912280701754385, 0.1, 0.06538461538461539, 0.04207920792079208, 0.04722222222222222, 0.03244274809160305, 0.027070063694267517, 0.023876404494382022, 0.022911051212938006, 0.022427440633245383, 0.021464646464646464]\"}",
  "{\"Graph_name\": \"formaldehyde_assimilation_II_(RuMP_Cycle).grp\", \"Node Average of Graph\": \"1.5\", \"Strength Average of Graph\": \"5.0\", \"Average weight of  Graph\": \"3.3333333333333335\", \"Characteristic Path Length of  Graph\": \"7.714285714285714\", \"Clustering Coefficient of Graph\": \"0.08333333333333333\", \"Closeness_Centrality\": \"[0.1320754716981132, 0.0945945945945946, 0.1346153846153846, 0.1044776119402985, 0.16279069767441862, 0.10606060606060606, 0.22580645161290322, 0.15217391304347827]\"}",
  "{\"Graph_name\": \"citrulline_degradation.grp\", \"Node Average of Graph\": \"0.5\", \"Strength Average of Graph\": \"3.0\", \"Average weight of  Graph\": \"6.0\", \"Characteristic Path Length of  Graph\": \"3.0\", \"Clustering Coefficient of Graph\": \"0.0\", \"Closeness_Centrality\": \"[inf, 0.16666666666666666]\"}",
  "{\"Graph_name\": \"UDP-galactose_biosynthesis_(salvage_pathway_from_galactose_using_UDP-glucose).grp\", \"Node Average of Graph\": \"1.25\", \"Strength Average of Graph\": \"7.5\", \"Average weight of  Graph\": \"6.0\", \"Characteristic Path Length of  Graph\": \"6.25\", \"Clustering Coefficient of Graph\": \"0.0\", \"Closeness_Centrality\": \"[0.16666666666666666, 0.15, 0.375, 0.10344827586206896]\"}",
  "{\"Graph_name\": \"triacylglycerol_degradation.grp\", \"Node Average of Graph\": \"0.75\", \"Strength Average of Graph\": \"5.0\", \"Average weight of  Graph\": \"6.666666666666667\", \"Characteristic Path Length of  Graph\": \"5.083333333333333\", \"Clustering Coefficient of Graph\": \"0.0\", \"Closeness_Centrality\": \"[0.3333333333333333, 0.2727272727272727, inf, 0.07317073170731707]\"}",
  "{\"Graph_name\": \"lysine_degradation_I.grp\", \"Node Average of Graph\": \"None\", \"Strength Average of Graph\": \"nan\", \"Average weight of  Graph\": \"nan\", \"Characteristic Path Length of  Graph\": \"None\", \"Clustering Coefficient of Graph\": \"0\", \"Closeness_Centrality\": \"[]\"}",
  "{\"Graph_name\": \"asparagine_degradation_II.grp\", \"Node Average of Graph\": \"None\", \"Strength Average of Graph\": \"nan\", \"Average weight of  Graph\": \"nan\", \"Characteristic Path Length of  Graph\": \"None\", \"Clustering Coefficient of Graph\": \"0\", \"Closeness_Centrality\": \"[]\"}",
  "{\"Graph_name\": \"superpathway_of_methionine_biosynthesis_(transsulfuration).grp\", \"Node Average of Graph\": \"0.875\", \"Strength Average of Graph\": \"5.5\", \"Average weight of  Graph\": \"6.285714285714286\", \"Characteristic Path Length of  Graph\": \"8.446428571428571\", \"Clustering Coefficient of Graph\": \"0.0\", \"Closeness_Centrality\": \"[0.04, 0.14285714285714285, 0.109375, 0.0625, 0.3888888888888889, 0.7, inf, 0.15555555555555556]\"}",
  "{\"Graph_name\": \"methionine_salvage_pathway.grp\", \"Node Average of Graph\": \"1.125\", \"Strength Average of Graph\": \"7.125\", \"Average weight of  Graph\": \"6.333333333333333\", \"Characteristic Path Length of  Graph\": \"27.5\", \"Clustering Coefficient of Graph\": \"0\", \"Closeness_Centrality\": \"[0.03723404255319149, 0.037037037037037035, 0.038461538461538464, 0.0440251572327044, 0.03804347826086957, 0.0319634703196347, 0.03349282296650718, 0.03333333333333333]\"}",
  "{\"Graph_name\": \"glycine_biosynthesis_I.grp\", \"Node Average of Graph\": \"None\", \"Strength Average of Graph\": \"nan\", \"Average weight of  Graph\": \"nan\", \"Characteristic Path Length of  Graph\": \"None\", \"Clustering Coefficient of Graph\": \"0\", \"Closeness_Centrality\": \"[]\"}",
  "{\"Graph_name\": \"de_novo_biosynthesis_of_pyrimidine_ribonucleotides.grp\", \"Node Average of Graph\": \"1.1111111111111112\", \"Strength Average of Graph\": \"5.888888888888889\", \"Average weight of  Graph\": \"5.3\", \"Characteristic Path Length of  Graph\": \"14.01388888888889\", \"Clustering Coefficient of Graph\": \"0.0\", \"Closeness_Centrality\": \"[1.3333333333333333, 8.0, 0.6666666666666666, 0.05970149253731343, 0.05442176870748299, 0.052980132450331126, 0.04878048780487805, 0.043010752688172046, 0.038461538461538464]\"}",
  "{\"Graph_name\": \"interconversion_of_arginine-_ornithine_and_proline_(Stickland_reaction).grp\", \"Node Average of Graph\": \"1.0\", \"Strength Average of Graph\": \"5.6\", \"Average weight of  Graph\": \"5.6\", \"Characteristic Path Length of  Graph\": \"7.233333333333333\", \"Clustering Coefficient of Graph\": \"0.0\", \"Closeness_Centrality\": \"[inf, 0.9, 0.3, 0.25, 0.15, 0.1232876712328767, 0.1323529411764706, 0.0782608695652174, 0.07758620689655173, 0.06293706293706294]\"}",
  "{\"Graph_name\": \"isoleucine_biosynthesis_from_threonine.grp\", \"Node Average of Graph\": \"0.8\", \"Strength Average of Graph\": \"4.6\", \"Average weight of  Graph\": \"5.75\", \"Characteristic Path Length of  Graph\": \"6.1\", \"Clustering Coefficient of Graph\": \"0.0\", \"Closeness_Centrality\": \"[0.06896551724137931, 0.09523809523809523, 0.2222222222222222, inf, 1.0]\"}",
  "{\"Graph_name\": \"mixed_acid_fermentation.grp\", \"Node Average of Graph\": \"1.0\", \"Strength Average of Graph\": \"5.6923076923076925\", \"Average weight of  Graph\": \"5.6923076923076925\", \"Characteristic Path Length of  Graph\": \"2.9871794871794872\", \"Clustering Coefficient of Graph\": \"0.0\", \"Closeness_Centrality\": \"[inf, 0.3157894736842105, 0.16216216216216217, 0.35294117647058826, 0.5454545454545454, 6.0, inf, 0.07407407407407407, inf, 3.0, 0.096, inf, 2.4]\"}",
  "{\"Graph_name\": \"superpathway_of_phenylalanine_and_tyrosine_biosynthesis.grp\", \"Node Average of Graph\": \"1.0\", \"Strength Average of Graph\": \"5.5\", \"Average weight of  Graph\": \"5.5\", \"Characteristic Path Length of  Graph\": \"2.6666666666666665\", \"Clustering Coefficient of Graph\": \"0.0\", \"Closeness_Centrality\": \"[0.11538461538461539, 1.5, inf, 0.75]\"}",
  "{\"Graph_name\": \"glutamine_biosynthesis_I.grp\", \"Node Average of Graph\": \"None\", \"Strength Average of Graph\": \"nan\", \"Average weight of  Graph\": \"nan\", \"Characteristic Path Length of  Graph\": \"None\", \"Clustering Coefficient of Graph\": \"0\", \"Closeness_Centrality\": \"[]\"}",
  "{\"Graph_name\": \"acetoacetate_degradation.grp\", \"Node Average of Graph\": \"1.0\", \"Strength Average of Graph\": \"2.0\", \"Average weight of  Graph\": \"2.0\", \"Characteristic Path Length of  Graph\": \"2.0\", \"Clustering Coefficient of Graph\": \"0.0\", \"Closeness_Centrality\": \"[1.0, 0.3333333333333333]\"}",
  "{\"Graph_name\": \"mevalonate_pathway.grp\", \"Node Average of Graph\": \"0.8571428571428571\", \"Strength Average of Graph\": \"5.428571428571429\", \"Average weight of  Graph\": \"6.333333333333333\", \"Characteristic Path Length of  Graph\": \"8.19047619047619\", \"Clustering Coefficient of Graph\": \"0.0\", \"Closeness_Centrality\": \"[inf, 0.75, 0.2727272727272727, 0.15, 0.08333333333333333, 0.07792207792207792, 0.048]\"}",
  "{\"Graph_name\": \"superpathway_of_phenylalanine-_tyrosine_and_tryptophan_biosynthesis.grp\", \"Node Average of Graph\": \"1.0\", \"Strength Average of Graph\": \"5.588235294117647\", \"Average weight of  Graph\": \"5.588235294117647\", \"Characteristic Path Length of  Graph\": \"11.805147058823529\", \"Clustering Coefficient of Graph\": \"0.0\", \"Closeness_Centrality\": \"[0.02450229709035222, 0.02576489533011272, 0.03292181069958848, 0.037209302325581395, 0.049079754601226995, 0.06956521739130435, 0.09142857142857143, inf, 4.0, 0.13793103448275862, 0.18604651162790697, 0.34782608695652173, 0.7272727272727273, 1.4545454545454546, 5.333333333333333, inf, 8.0]\"}",
  "{\"Graph_name\": \"isoleucine_degradation_I.grp\", \"Node Average of Graph\": \"0.8333333333333334\", \"Strength Average of Graph\": \"3.0\", \"Average weight of  Graph\": \"3.6\", \"Characteristic Path Length of  Graph\": \"4.033333333333333\", \"Clustering Coefficient of Graph\": \"0.0\", \"Closeness_Centrality\": \"[0.1724137931034483, inf, 0.5555555555555556, 1.6666666666666667, 0.0847457627118644, 0.23809523809523808]\"}",
  "{\"Graph_name\": \"oxidative_ethanol_degradation_III.grp\", \"Node Average of Graph\": \"0.6666666666666666\", \"Strength Average of Graph\": \"5.0\", \"Average weight of  Graph\": \"7.5\", \"Characteristic Path Length of  Graph\": \"5.0\", \"Clustering Coefficient of Graph\": \"0.0\", \"Closeness_Centrality\": \"[inf, 0.09090909090909091, 0.25]\"}",
  "{\"Graph_name\": \"superpathway_of_leucine-_valine-_and_isoleucine_biosynthesis.grp\", \"Node Average of Graph\": \"1.0\", \"Strength Average of Graph\": \"5.555555555555555\", \"Average weight of  Graph\": \"5.555555555555555\", \"Characteristic Path Length of  Graph\": \"6.75\", \"Clustering Coefficient of Graph\": \"0.0\", \"Closeness_Centrality\": \"[1.0, 0.14545454545454545, 0.25806451612903225, inf, 0.5, 0.09195402298850575, 0.1, 0.16, 0.050314465408805034]\"}",
  "{\"Graph_name\": \"mannose_degradation.grp\", \"Node Average of Graph\": \"0.5\", \"Strength Average of Graph\": \"4.5\", \"Average weight of  Graph\": \"9.0\", \"Characteristic Path Length of  Graph\": \"4.5\", \"Clustering Coefficient of Graph\": \"0.0\", \"Closeness_Centrality\": \"[0.1111111111111111, inf]\"}",
  "{\"Graph_name\": \"selenocysteine_biosynthesis.grp\", \"Node Average of Graph\": \"0.6666666666666666\", \"Strength Average of Graph\": \"2.3333333333333335\", \"Average weight of  Graph\": \"3.5\", \"Characteristic Path Length of  Graph\": \"1.1666666666666667\", \"Clustering Coefficient of Graph\": \"0.0\", \"Closeness_Centrality\": \"[2.0, inf, 0.3333333333333333]\"}",
  "{\"Graph_name\": \"alanine_degradation_I.grp\", \"Node Average of Graph\": \"0.5\", \"Strength Average of Graph\": \"4.5\", \"Average weight of  Graph\": \"9.0\", \"Characteristic Path Length of  Graph\": \"4.5\", \"Clustering Coefficient of Graph\": \"0.0\", \"Closeness_Centrality\": \"[inf, 0.1111111111111111]\"}",
  "{\"Graph_name\": \"trehalose_degradation_I_(low_osmolarity).grp\", \"Node Average of Graph\": \"0.6666666666666666\", \"Strength Average of Graph\": \"2.3333333333333335\", \"Average weight of  Graph\": \"3.5\", \"Characteristic Path Length of  Graph\": \"2.3333333333333335\", \"Clustering Coefficient of Graph\": \"0.0\", \"Closeness_Centrality\": \"[inf, 0.18181818181818182, 0.6666666666666666]\"}",
  "{\"Graph_name\": \"-gamma--glutamyl_cycle.grp\", \"Node Average of Graph\": \"0.75\", \"Strength Average of Graph\": \"5.75\", \"Average weight of  Graph\": \"7.666666666666667\", \"Characteristic Path Length of  Graph\": \"3.0833333333333335\", \"Clustering Coefficient of Graph\": \"0.0\", \"Closeness_Centrality\": \"[0.3, inf, 0.1111111111111111, inf]\"}",
  "{\"Graph_name\": \"homoserine_biosynthesis.grp\", \"Node Average of Graph\": \"0.6666666666666666\", \"Strength Average of Graph\": \"4.0\", \"Average weight of  Graph\": \"6.0\", \"Characteristic Path Length of  Graph\": \"4.0\", \"Clustering Coefficient of Graph\": \"0.0\", \"Closeness_Centrality\": \"[inf, 0.2222222222222222, 0.13333333333333333]\"}",
  "{\"Graph_name\": \"lactose_degradation_III.grp\", \"Node Average of Graph\": \"None\", \"Strength Average of Graph\": \"nan\", \"Average weight of  Graph\": \"nan\", \"Characteristic Path Length of  Graph\": \"None\", \"Clustering Coefficient of Graph\": \"0\", \"Closeness_Centrality\": \"[]\"}",
  "{\"Graph_name\": \"ethanol_fermentation_to_acetate.grp\", \"Node Average of Graph\": \"1.2222222222222223\", \"Strength Average of Graph\": \"7.222222222222222\", \"Average weight of  Graph\": \"5.909090909090909\", \"Characteristic Path Length of  Graph\": \"12.63888888888889\", \"Clustering Coefficient of Graph\": \"0.0\", \"Closeness_Centrality\": \"[0.06611570247933884, 0.09195402298850575, 0.11940298507462686, 0.125, 0.07272727272727272, 0.07692307692307693, 0.08888888888888889, 0.06611570247933884, 0.0547945205479452]\"}",
  "{\"Graph_name\": \"S-adenosylmethionine_biosynthesis.grp\", \"Node Average of Graph\": \"0.5\", \"Strength Average of Graph\": \"1.5\", \"Average weight of  Graph\": \"3.0\", \"Characteristic Path Length of  Graph\": \"1.5\", \"Clustering Coefficient of Graph\": \"0.0\", \"Closeness_Centrality\": \"[0.3333333333333333, inf]\"}",
  "{\"Graph_name\": \"PHB_biosynthesis.grp\", \"Node Average of Graph\": \"1.0\", \"Strength Average of Graph\": \"2.0\", \"Average weight of  Graph\": \"2.0\", \"Characteristic Path Length of  Graph\": \"1.3333333333333333\", \"Clustering Coefficient of Graph\": \"0\", \"Closeness_Centrality\": \"[2.0, 0.2857142857142857, inf]\"}",
  "{\"Graph_name\": \"butanediol_biosynthesis.grp\", \"Node Average of Graph\": \"1.0\", \"Strength Average of Graph\": \"5.0\", \"Average weight of  Graph\": \"5.0\", \"Characteristic Path Length of  Graph\": \"2.45\", \"Clustering Coefficient of Graph\": \"0.0\", \"Closeness_Centrality\": \"[1.3333333333333333, 0.5714285714285714, inf, 1.0, 0.11428571428571428]\"}",
  "{\"Graph_name\": \"de_novo_biosynthesis_of_pyrimidine_deoxyribonucleotides.grp\", \"Node Average of Graph\": \"1.2857142857142858\", \"Strength Average of Graph\": \"7.714285714285714\", \"Average weight of  Graph\": \"6.0\", \"Characteristic Path Length of  Graph\": \"8.738095238095237\", \"Clustering Coefficient of Graph\": \"0.2857142857142857\", \"Closeness_Centrality\": \"[0.0821917808219178, 0.08108108108108109, 0.13636363636363635, 0.1276595744680851, 0.15, 0.125, 0.14634146341463414]\"}",
  "{\"Graph_name\": \"2-keto_glutarate_dehydrogenase_complex.grp\", \"Node Average of Graph\": \"1.0\", \"Strength Average of Graph\": \"6.666666666666667\", \"Average weight of  Graph\": \"6.666666666666667\", \"Characteristic Path Length of  Graph\": \"10.0\", \"Clustering Coefficient of Graph\": \"0.0\", \"Closeness_Centrality\": \"[0.18181818181818182, 0.09523809523809523, 0.07142857142857142]\"}",
  "{\"Graph_name\": \"teichoic_acid_(poly-glycerol)_biosynthesis.grp\", \"Node Average of Graph\": \"1.3333333333333333\", \"Strength Average of Graph\": \"6.833333333333333\", \"Average weight of  Graph\": \"5.125\", \"Characteristic Path Length of  Graph\": \"3.7333333333333334\", \"Clustering Coefficient of Graph\": \"0.5\", \"Closeness_Centrality\": \"[0.14705882352941177, 0.1388888888888889, 0.5, 0.4166666666666667, 1.6666666666666667, 0.29411764705882354]\"}",
  "{\"Graph_name\": \"isoleucine_biosynthesis_I.grp\", \"Node Average of Graph\": \"0.9090909090909091\", \"Strength Average of Graph\": \"4.818181818181818\", \"Average weight of  Graph\": \"5.3\", \"Characteristic Path Length of  Graph\": \"10.145454545454545\", \"Clustering Coefficient of Graph\": \"0.0\", \"Closeness_Centrality\": \"[0.032467532467532464, 0.08620689655172414, 0.0641025641025641, 0.043859649122807015, 0.10989010989010989, 0.09174311926605505, 0.17857142857142858, 0.2777777777777778, 0.8333333333333334, inf, 2.5]\"}",
  "{\"Graph_name\": \"alanine_biosynthesis_I.grp\", \"Node Average of Graph\": \"1.0\", \"Strength Average of Graph\": \"4.333333333333333\", \"Average weight of  Graph\": \"4.333333333333333\", \"Characteristic Path Length of  Graph\": \"2.8333333333333335\", \"Clustering Coefficient of Graph\": \"0.0\", \"Closeness_Centrality\": \"[0.16666666666666666, inf, 0.4]\"}",
  "{\"Graph_name\": \"L-idonate_degradation.grp\", \"Node Average of Graph\": \"0.6666666666666666\", \"Strength Average of Graph\": \"2.3333333333333335\", \"Average weight of  Graph\": \"3.5\", \"Characteristic Path Length of  Graph\": \"2.3333333333333335\", \"Clustering Coefficient of Graph\": \"0.0\", \"Closeness_Centrality\": \"[inf, 0.6666666666666666, 0.18181818181818182]\"}",
  "{\"Graph_name\": \"starch_biosynthesis.grp\", \"Node Average of Graph\": \"1.0\", \"Strength Average of Graph\": \"5.333333333333333\", \"Average weight of  Graph\": \"5.333333333333333\", \"Characteristic Path Length of  Graph\": \"4.733333333333333\", \"Clustering Coefficient of Graph\": \"0\", \"Closeness_Centrality\": \"[inf, 0.1724137931034483, 1.0, 0.2631578947368421, 0.2, 0.078125]\"}",
  "{\"Graph_name\": \"biotin-carboxyl_carrier_protein.grp\", \"Node Average of Graph\": \"1.0\", \"Strength Average of Graph\": \"5.0\", \"Average weight of  Graph\": \"5.0\", \"Characteristic Path Length of  Graph\": \"4.166666666666667\", \"Clustering Coefficient of Graph\": \"0.0\", \"Closeness_Centrality\": \"[0.5, 1.5, 0.5, 0.08333333333333333]\"}",
  "{\"Graph_name\": \"glycine_betaine_biosynthesis_II_(Gram-positive_bacteria).grp\", \"Node Average of Graph\": \"0.5\", \"Strength Average of Graph\": \"3.5\", \"Average weight of  Graph\": \"7.0\", \"Characteristic Path Length of  Graph\": \"3.5\", \"Clustering Coefficient of Graph\": \"0.0\", \"Closeness_Centrality\": \"[inf, 0.14285714285714285]\"}",
  "{\"Graph_name\": \"glycogen_biosynthesis_I_(from_ADP-D-Glucose).grp\", \"Node Average of Graph\": \"1.0\", \"Strength Average of Graph\": \"5.0\", \"Average weight of  Graph\": \"5.0\", \"Characteristic Path Length of  Graph\": \"3.0\", \"Clustering Coefficient of Graph\": \"0\", \"Closeness_Centrality\": \"[0.14285714285714285, inf, 0.5]\"}",
  "{\"Graph_name\": \"flavin_biosynthesis.grp\", \"Node Average of Graph\": \"1.1428571428571428\", \"Strength Average of Graph\": \"5.428571428571429\", \"Average weight of  Graph\": \"4.75\", \"Characteristic Path Length of  Graph\": \"6.261904761904762\", \"Clustering Coefficient of Graph\": \"0\", \"Closeness_Centrality\": \"[0.05217391304347826, 0.10909090909090909, 0.15, 0.16666666666666666, 0.5, inf, 1.2]\"}",
  "{\"Graph_name\": \"tyrosine_degradation_II.grp\", \"Node Average of Graph\": \"0.5\", \"Strength Average of Graph\": \"1.5\", \"Average weight of  Graph\": \"3.0\", \"Characteristic Path Length of  Graph\": \"1.5\", \"Clustering Coefficient of Graph\": \"0.0\", \"Closeness_Centrality\": \"[inf, 0.3333333333333333]\"}",
  "{\"Graph_name\": \"superpathway_of_galacturonate_and_glucuronate_degradation.grp\", \"Node Average of Graph\": \"1.0\", \"Strength Average of Graph\": \"6.714285714285714\", \"Average weight of  Graph\": \"6.714285714285714\", \"Characteristic Path Length of  Graph\": \"5.285714285714286\", \"Clustering Coefficient of Graph\": \"0.0\", \"Closeness_Centrality\": \"[0.08, 0.3333333333333333, inf, 1.0, 0.06060606060606061, 0.2727272727272727, 3.0]\"}",
  "{\"Graph_name\": \"NAD-NADH_phosphorylation_and_dephosphorylation.grp\", \"Node Average of Graph\": \"1.6\", \"Strength Average of Graph\": \"11.6\", \"Average weight of  Graph\": \"7.25\", \"Characteristic Path Length of  Graph\": \"12.2\", \"Clustering Coefficient of Graph\": \"0.26666666666666666\", \"Closeness_Centrality\": \"[0.13333333333333333, 0.0784313725490196, 0.058823529411764705, 0.06896551724137931, 0.10810810810810811]\"}",
  "{\"Graph_name\": \"glutamate_biosynthesis_I.grp\", \"Node Average of Graph\": \"None\", \"Strength Average of Graph\": \"nan\", \"Average weight of  Graph\": \"nan\", \"Characteristic Path Length of  Graph\": \"None\", \"Clustering Coefficient of Graph\": \"0\", \"Closeness_Centrality\": \"[]\"}",
  "{\"Graph_name\": \"phospholipid_biosynthesis_I.grp\", \"Node Average of Graph\": \"1.0\", \"Strength Average of Graph\": \"4.777777777777778\", \"Average weight of  Graph\": \"4.777777777777778\", \"Characteristic Path Length of  Graph\": \"4.638888888888889\", \"Clustering Coefficient of Graph\": \"0.0\", \"Closeness_Centrality\": \"[0.08888888888888889, 0.08, 0.09302325581395349, inf, 1.3333333333333333, 0.18181818181818182, 1.6, inf, 2.6666666666666665]\"}",
  "{\"Graph_name\": \"methionine_biosynthesis_I.grp\", \"Node Average of Graph\": \"0.75\", \"Strength Average of Graph\": \"6.25\", \"Average weight of  Graph\": \"8.333333333333334\", \"Characteristic Path Length of  Graph\": \"7.083333333333333\", \"Clustering Coefficient of Graph\": \"0.0\", \"Closeness_Centrality\": \"[0.1, 0.3, inf, 0.06666666666666667]\"}",
  "{\"Graph_name\": \"mannitol_degradation_I.grp\", \"Node Average of Graph\": \"None\", \"Strength Average of Graph\": \"nan\", \"Average weight of  Graph\": \"nan\", \"Characteristic Path Length of  Graph\": \"None\", \"Clustering Coefficient of Graph\": \"0\", \"Closeness_Centrality\": \"[]\"}",
  "{\"Graph_name\": \"phenylalanine_biosynthesis_I.grp\", \"Node Average of Graph\": \"0.6666666666666666\", \"Strength Average of Graph\": \"6.333333333333333\", \"Average weight of  Graph\": \"9.5\", \"Characteristic Path Length of  Graph\": \"6.333333333333333\", \"Clustering Coefficient of Graph\": \"0.0\", \"Closeness_Centrality\": \"[0.06896551724137931, 0.2222222222222222, inf]\"}",
  "{\"Graph_name\": \"xylose_degradation.grp\", \"Node Average of Graph\": \"0.5\", \"Strength Average of Graph\": \"5.0\", \"Average weight of  Graph\": \"10.0\", \"Characteristic Path Length of  Graph\": \"5.0\", \"Clustering Coefficient of Graph\": \"0.0\", \"Closeness_Centrality\": \"[0.1, inf]\"}",
  "{\"Graph_name\": \"peptidoglycan_biosynthesis_I.grp\", \"Node Average of Graph\": \"0.9\", \"Strength Average of Graph\": \"6.0\", \"Average weight of  Graph\": \"6.666666666666667\", \"Characteristic Path Length of  Graph\": \"8.122222222222222\", \"Clustering Coefficient of Graph\": \"0.0\", \"Closeness_Centrality\": \"[0.9, 0.23684210526315788, 0.16981132075471697, 0.06666666666666667, 0.10588235294117647, 0.08571428571428572, 0.34615384615384615, inf, 0.06976744186046512, 0.06]\"}",
  "{\"Graph_name\": \"histidine_degradation_I.grp\", \"Node Average of Graph\": \"0.75\", \"Strength Average of Graph\": \"5.0\", \"Average weight of  Graph\": \"6.666666666666667\", \"Characteristic Path Length of  Graph\": \"5.5\", \"Clustering Coefficient of Graph\": \"0.0\", \"Closeness_Centrality\": \"[inf, 0.3333333333333333, 0.14285714285714285, 0.08333333333333333]\"}",
  "{\"Graph_name\": \"superpathway_of_phenylalanine-_tyrosine-_and_tryptophan_biosynthesis_from_chorismate.grp\", \"Node Average of Graph\": \"0.9\", \"Strength Average of Graph\": \"4.4\", \"Average weight of  Graph\": \"4.888888888888889\", \"Characteristic Path Length of  Graph\": \"1.7555555555555555\", \"Clustering Coefficient of Graph\": \"0.0\", \"Closeness_Centrality\": \"[inf, 0.9, 0.19148936170212766, 0.24324324324324326, 0.42857142857142855, 0.75, 0.47368421052631576, 1.2857142857142858, inf, 1.8]\"}",
  "{\"Graph_name\": \"canavanine_biosynthesis.grp\", \"Node Average of Graph\": \"0.75\", \"Strength Average of Graph\": \"4.5\", \"Average weight of  Graph\": \"6.0\", \"Characteristic Path Length of  Graph\": \"4.916666666666667\", \"Clustering Coefficient of Graph\": \"0.0\", \"Closeness_Centrality\": \"[0.08571428571428572, inf, 0.42857142857142855, 0.17647058823529413]\"}",
  "{\"Graph_name\": \"methylglyoxal_pathway_II.grp\", \"Node Average of Graph\": \"1.0\", \"Strength Average of Graph\": \"4.375\", \"Average weight of  Graph\": \"4.375\", \"Characteristic Path Length of  Graph\": \"1.5\", \"Clustering Coefficient of Graph\": \"0.0\", \"Closeness_Centrality\": \"[inf, inf, 1.4, 2.3333333333333335, 0.875, 0.3888888888888889, 1.4, 0.15555555555555556]\"}",
  "{\"Graph_name\": \"superpathway_of_ribose_and_deoxyribose_phosphate_degradation.grp\", \"Node Average of Graph\": \"1.0\", \"Strength Average of Graph\": \"6.375\", \"Average weight of  Graph\": \"6.375\", \"Characteristic Path Length of  Graph\": \"3.1607142857142856\", \"Clustering Coefficient of Graph\": \"0.0\", \"Closeness_Centrality\": \"[2.3333333333333335, 0.10294117647058823, 0.7, 0.20588235294117646, inf, 0.22580645161290322, inf, 0.22580645161290322]\"}",
  "{\"Graph_name\": \"asparagine_degradation_I.grp\", \"Node Average of Graph\": \"0.6666666666666666\", \"Strength Average of Graph\": \"2.6666666666666665\", \"Average weight of  Graph\": \"4.0\", \"Characteristic Path Length of  Graph\": \"2.6666666666666665\", \"Clustering Coefficient of Graph\": \"0.0\", \"Closeness_Centrality\": \"[0.16666666666666666, inf, 0.5]\"}",
  "{\"Graph_name\": \"arginine_degradation_I_(arginase_pathway).grp\", \"Node Average of Graph\": \"0.75\", \"Strength Average of Graph\": \"4.0\", \"Average weight of  Graph\": \"5.333333333333333\", \"Characteristic Path Length of  Graph\": \"4.666666666666667\", \"Clustering Coefficient of Graph\": \"0.0\", \"Closeness_Centrality\": \"[0.17647058823529413, 3.0, inf, 0.07894736842105263]\"}",
  "{\"Graph_name\": \"folate_polyglutamylation_II.grp\", \"Node Average of Graph\": \"1.0\", \"Strength Average of Graph\": \"5.0\", \"Average weight of  Graph\": \"5.0\", \"Characteristic Path Length of  Graph\": \"5.0\", \"Clustering Coefficient of Graph\": \"0.0\", \"Closeness_Centrality\": \"[0.5, 0.125]\"}",
  "{\"Graph_name\": \"purine_fermentation_to_acetate_and_CO(sub)2(-sub).grp\", \"Node Average of Graph\": \"1.2222222222222223\", \"Strength Average of Graph\": \"7.888888888888889\", \"Average weight of  Graph\": \"6.454545454545454\", \"Characteristic Path Length of  Graph\": \"7.583333333333333\", \"Clustering Coefficient of Graph\": \"0\", \"Closeness_Centrality\": \"[inf, 0.06956521739130435, inf, 1.3333333333333333, 0.3333333333333333, 0.24242424242424243, 0.0975609756097561, 0.05333333333333334, 0.058823529411764705]\"}",
  "{\"Graph_name\": \"arginine_biosynthesis_III.grp\", \"Node Average of Graph\": \"1.1111111111111112\", \"Strength Average of Graph\": \"6.111111111111111\", \"Average weight of  Graph\": \"5.5\", \"Characteristic Path Length of  Graph\": \"7.236111111111111\", \"Clustering Coefficient of Graph\": \"0.037037037037037035\", \"Closeness_Centrality\": \"[0.24242424242424243, 0.1095890410958904, 0.06015037593984962, 0.05442176870748299, 0.4444444444444444, 0.38095238095238093, 0.0851063829787234, inf, 4.0]\"}",
  "{\"Graph_name\": \"histidine_biosynthesis_I.grp\", \"Node Average of Graph\": \"1.0\", \"Strength Average of Graph\": \"7.0\", \"Average weight of  Graph\": \"7.0\", \"Characteristic Path Length of  Graph\": \"12.277777777777779\", \"Clustering Coefficient of Graph\": \"0\", \"Closeness_Centrality\": \"[0.02877697841726619, 0.05, 0.034782608695652174, 0.08, 0.12307692307692308, 0.32, 0.42105263157894735, 1.1428571428571428, inf]\"}",
  "{\"Graph_name\": \"fatty_acid_-beta--oxidation_I.grp\", \"Node Average of Graph\": \"0.8571428571428571\", \"Strength Average of Graph\": \"3.7142857142857144\", \"Average weight of  Graph\": \"4.333333333333333\", \"Characteristic Path Length of  Graph\": \"2.0\", \"Clustering Coefficient of Graph\": \"0.0\", \"Closeness_Centrality\": \"[0.4, 0.3157894736842105, inf, 0.6, 0.25, 0.8571428571428571, 0.6666666666666666]\"}",
  "{\"Graph_name\": \"biotin_biosynthesis_III.grp\", \"Node Average of Graph\": \"0.8\", \"Strength Average of Graph\": \"6.0\", \"Average weight of  Graph\": \"7.5\", \"Characteristic Path Length of  Graph\": \"7.8\", \"Clustering Coefficient of Graph\": \"0.0\", \"Closeness_Centrality\": \"[0.05128205128205128, 0.08, 0.17391304347826086, inf, 0.8]\"}",
  "{\"Graph_name\": \"respiration_(anaerobic)--_electron_donors_reaction_list.grp\", \"Node Average of Graph\": \"1.0\", \"Strength Average of Graph\": \"3.0\", \"Average weight of  Graph\": \"3.0\", \"Characteristic Path Length of  Graph\": \"nan\", \"Clustering Coefficient of Graph\": \"0\", \"Closeness_Centrality\": \"[nan]\"}",
  "{\"Graph_name\": \"(deoxy)ribose_phosphate_degradation.grp\", \"Node Average of Graph\": \"1.0\", \"Strength Average of Graph\": \"4.142857142857143\", \"Average weight of  Graph\": \"4.142857142857143\", \"Characteristic Path Length of  Graph\": \"2.738095238095238\", \"Clustering Coefficient of Graph\": \"0.0\", \"Closeness_Centrality\": \"[0.15384615384615385, 0.46153846153846156, 0.3157894736842105, inf, 0.24, inf, 0.3157894736842105]\"}",
  "{\"Graph_name\": \"sorbitol_fermentation_to_lactate-_formate-_ethanol_and_acetate.grp\", \"Node Average of Graph\": \"1.0\", \"Strength Average of Graph\": \"5.8\", \"Average weight of  Graph\": \"5.8\", \"Characteristic Path Length of  Graph\": \"13.147619047619047\", \"Clustering Coefficient of Graph\": \"0.06666666666666667\", \"Closeness_Centrality\": \"[inf, 2.0, inf, 4.666666666666667, 0.4375, inf, 0.2028985507246377, 0.1346153846153846, 0.07954545454545454, 0.06086956521739131, 0.04516129032258064, 0.04361370716510903, 0.03263403263403263, 0.02626641651031895, 0.025594149908592323]\"}",
  "{\"Graph_name\": \"UDP-(i)N(-i)-acetylgalactosamine_biosynthesis.grp\", \"Node Average of Graph\": \"0.8\", \"Strength Average of Graph\": \"4.4\", \"Average weight of  Graph\": \"5.5\", \"Characteristic Path Length of  Graph\": \"5.6\", \"Clustering Coefficient of Graph\": \"0.0\", \"Closeness_Centrality\": \"[inf, 0.8, 0.4444444444444444, 0.10256410256410256, 0.06779661016949153]\"}",
  "{\"Graph_name\": \"ribose_degradation.grp\", \"Node Average of Graph\": \"None\", \"Strength Average of Graph\": \"nan\", \"Average weight of  Graph\": \"nan\", \"Characteristic Path Length of  Graph\": \"None\", \"Clustering Coefficient of Graph\": \"0\", \"Closeness_Centrality\": \"[]\"}",
  "{\"Graph_name\": \"aspartate_biosynthesis_I.grp\", \"Node Average of Graph\": \"None\", \"Strength Average of Graph\": \"nan\", \"Average weight of  Graph\": \"nan\", \"Characteristic Path Length of  Graph\": \"None\", \"Clustering Coefficient of Graph\": \"0\", \"Closeness_Centrality\": \"[]\"}",
  "{\"Graph_name\": \"NAD_biosynthesis_I_(from_aspartate).grp\", \"Node Average of Graph\": \"0.8\", \"Strength Average of Graph\": \"2.6\", \"Average weight of  Graph\": \"3.25\", \"Characteristic Path Length of  Graph\": \"3.3\", \"Clustering Coefficient of Graph\": \"0.0\", \"Closeness_Centrality\": \"[0.16, 0.19047619047619047, 0.26666666666666666, inf, 0.8]\"}",
  "{\"Graph_name\": \"ornithine_biosynthesis.grp\", \"Node Average of Graph\": \"0.8\", \"Strength Average of Graph\": \"5.6\", \"Average weight of  Graph\": \"7.0\", \"Characteristic Path Length of  Graph\": \"7.4\", \"Clustering Coefficient of Graph\": \"0.0\", \"Closeness_Centrality\": \"[inf, 0.5, 0.15384615384615385, 0.07547169811320754, 0.06557377049180328]\"}",
  "{\"Graph_name\": \"sucrose_degradation_I.grp\", \"Node Average of Graph\": \"0.6666666666666666\", \"Strength Average of Graph\": \"4.333333333333333\", \"Average weight of  Graph\": \"6.5\", \"Characteristic Path Length of  Graph\": \"4.333333333333333\", \"Clustering Coefficient of Graph\": \"0.0\", \"Closeness_Centrality\": \"[inf, 0.2222222222222222, 0.11764705882352941]\"}",
  "{\"Graph_name\": \"pyruvate_dehydrogenase_complex.grp\", \"Node Average of Graph\": \"1.0\", \"Strength Average of Graph\": \"6.333333333333333\", \"Average weight of  Graph\": \"6.333333333333333\", \"Characteristic Path Length of  Graph\": \"9.5\", \"Clustering Coefficient of Graph\": \"0.0\", \"Closeness_Centrality\": \"[0.125, 0.07407407407407407, 0.14285714285714285]\"}",
  "{\"Graph_name\": \"menaquinone_biosynthesis.grp\", \"Node Average of Graph\": \"1.2\", \"Strength Average of Graph\": \"8.6\", \"Average weight of  Graph\": \"7.166666666666667\", \"Characteristic Path Length of  Graph\": \"7.25\", \"Clustering Coefficient of Graph\": \"0\", \"Closeness_Centrality\": \"[0.08, 0.11428571428571428, 0.17391304347826086, 0.21052631578947367, 0.2222222222222222]\"}",
  "{\"Graph_name\": \"salvage_pathways_of_pyrimidine_deoxyribonucleotides.grp\", \"Node Average of Graph\": \"1.0\", \"Strength Average of Graph\": \"8.75\", \"Average weight of  Graph\": \"8.75\", \"Characteristic Path Length of  Graph\": \"6.0\", \"Clustering Coefficient of Graph\": \"0.0\", \"Closeness_Centrality\": \"[inf, 0.3, 0.1, 0.09375]\"}",
  "{\"Graph_name\": \"tryptophan_biosynthesis.grp\", \"Node Average of Graph\": \"0.8333333333333334\", \"Strength Average of Graph\": \"5.5\", \"Average weight of  Graph\": \"6.6\", \"Characteristic Path Length of  Graph\": \"7.866666666666666\", \"Clustering Coefficient of Graph\": \"0.0\", \"Closeness_Centrality\": \"[inf, 2.5, 0.045454545454545456, 0.07692307692307693, 0.13513513513513514, 0.22727272727272727]\"}",
  "{\"Graph_name\": \"arginine_biosynthesis_II_(acetyl_cycle).grp\", \"Node Average of Graph\": \"1.3333333333333333\", \"Strength Average of Graph\": \"8.11111111111111\", \"Average weight of  Graph\": \"6.083333333333333\", \"Characteristic Path Length of  Graph\": \"8.25\", \"Clustering Coefficient of Graph\": \"0.037037037037037035\", \"Closeness_Centrality\": \"[0.05161290322580645, 0.08080808080808081, 0.12698412698412698, 0.07547169811320754, 0.1095890410958904, 0.11764705882352941, 0.32, inf, 1.6]\"}",
  "{\"Graph_name\": \"pyruvate_fermentation_to_acetate_and_lactate_I.grp\", \"Node Average of Graph\": \"0.6666666666666666\", \"Strength Average of Graph\": \"6.333333333333333\", \"Average weight of  Graph\": \"9.5\", \"Characteristic Path Length of  Graph\": \"6.333333333333333\", \"Clustering Coefficient of Graph\": \"0.0\", \"Closeness_Centrality\": \"[inf, 0.2, 0.07142857142857142]\"}",
  "{\"Graph_name\": \"DIMBOA-glucoside_degradation.grp\", \"Node Average of Graph\": \"None\", \"Strength Average of Graph\": \"nan\", \"Average weight of  Graph\": \"nan\", \"Characteristic Path Length of  Graph\": \"None\", \"Clustering Coefficient of Graph\": \"0\", \"Closeness_Centrality\": \"[]\"}",
  "{\"Graph_name\": \"tetrahydrofolate_biosynthesis_I.grp\", \"Node Average of Graph\": \"0.9090909090909091\", \"Strength Average of Graph\": \"4.818181818181818\", \"Average weight of  Graph\": \"5.3\", \"Characteristic Path Length of  Graph\": \"3.2545454545454544\", \"Clustering Coefficient of Graph\": \"0\", \"Closeness_Centrality\": \"[inf, 0.09345794392523364, 0.14084507042253522, 0.21739130434782608, 0.38461538461538464, inf, 5.0, 5.0, 0.15625, 1.25, 0.3125]\"}",
  "{\"Graph_name\": \"2-dehydro-D-gluconate_degradation.grp\", \"Node Average of Graph\": \"0.8888888888888888\", \"Strength Average of Graph\": \"5.666666666666667\", \"Average weight of  Graph\": \"6.375\", \"Characteristic Path Length of  Graph\": \"10.666666666666666\", \"Clustering Coefficient of Graph\": \"0.0\", \"Closeness_Centrality\": \"[inf, 2.0, 0.3333333333333333, 0.26666666666666666, 0.14814814814814814, 0.07692307692307693, 0.0625, 0.043478260869565216, 0.03333333333333333]\"}",
  "{\"Graph_name\": \"sulfate_reduction_I_(assimilatory).grp\", \"Node Average of Graph\": \"0.75\", \"Strength Average of Graph\": \"4.25\", \"Average weight of  Graph\": \"5.666666666666667\", \"Characteristic Path Length of  Graph\": \"4.75\", \"Clustering Coefficient of Graph\": \"0.0\", \"Closeness_Centrality\": \"[3.0, 0.06976744186046512, 0.23076923076923078, inf]\"}",
  "{\"Graph_name\": \"superpathway_of_serine_and_glycine_biosynthesis_I.grp\", \"Node Average of Graph\": \"0.75\", \"Strength Average of Graph\": \"3.75\", \"Average weight of  Graph\": \"5.0\", \"Characteristic Path Length of  Graph\": \"4.166666666666667\", \"Clustering Coefficient of Graph\": \"0.0\", \"Closeness_Centrality\": \"[3.0, 0.07894736842105263, 0.2727272727272727, inf]\"}",
  "{\"Graph_name\": \"siroheme_biosynthesis.grp\", \"Node Average of Graph\": \"0.6666666666666666\", \"Strength Average of Graph\": \"3.6666666666666665\", \"Average weight of  Graph\": \"5.5\", \"Characteristic Path Length of  Graph\": \"3.6666666666666665\", \"Clustering Coefficient of Graph\": \"0.0\", \"Closeness_Centrality\": \"[0.09523809523809523, inf, 2.0]\"}",
  "{\"Graph_name\": \"glutamate_degradation_VII_(to_butyrate).grp\", \"Node Average of Graph\": \"0.8888888888888888\", \"Strength Average of Graph\": \"4.444444444444445\", \"Average weight of  Graph\": \"5.0\", \"Characteristic Path Length of  Graph\": \"4.611111111111111\", \"Clustering Coefficient of Graph\": \"0.0\", \"Closeness_Centrality\": \"[0.06451612903225806, inf, inf, inf, 1.1428571428571428, 0.32, 0.2857142857142857, 0.125, 0.09523809523809523]\"}",
  "{\"Graph_name\": \"respiration_(anaerobic).grp\", \"Node Average of Graph\": \"1.3333333333333333\", \"Strength Average of Graph\": \"7.666666666666667\", \"Average weight of  Graph\": \"5.75\", \"Characteristic Path Length of  Graph\": \"8.803030303030303\", \"Clustering Coefficient of Graph\": \"0\", \"Closeness_Centrality\": \"[inf, 0.08270676691729323, 0.06179775280898876, 0.09482758620689655, 2.2, 0.5238095238095238, 0.13095238095238096, 0.12941176470588237, 0.12790697674418605, 0.08527131782945736, 0.0873015873015873, 0.05527638190954774]\"}",
  "{\"Graph_name\": \"-beta--alanine_biosynthesis_IV.grp\", \"Node Average of Graph\": \"None\", \"Strength Average of Graph\": \"nan\", \"Average weight of  Graph\": \"nan\", \"Characteristic Path Length of  Graph\": \"None\", \"Clustering Coefficient of Graph\": \"0\", \"Closeness_Centrality\": \"[]\"}",
  "{\"Graph_name\": \"superpathway_of_saturated_and_unsaturated_fatty_acid_elongation.grp\", \"Node Average of Graph\": \"1.0\", \"Strength Average of Graph\": \"5.5\", \"Average weight of  Graph\": \"5.5\", \"Characteristic Path Length of  Graph\": \"11.0\", \"Clustering Coefficient of Graph\": \"0.0\", \"Closeness_Centrality\": \"[0.10344827586206896, 0.1111111111111111, 0.0967741935483871, 0.06666666666666667]\"}",
  "{\"Graph_name\": \"glucose_heterofermentation_to_lactate_I.grp\", \"Node Average of Graph\": \"0.9333333333333333\", \"Strength Average of Graph\": \"6.533333333333333\", \"Average weight of  Graph\": \"7.0\", \"Characteristic Path Length of  Graph\": \"11.876190476190477\", \"Clustering Coefficient of Graph\": \"0.0\", \"Closeness_Centrality\": \"[0.03763440860215054, 0.028629856850715747, inf, 2.3333333333333335, 0.7, inf, 2.3333333333333335, 0.5833333333333334, 0.25925925925925924, 0.15555555555555556, 0.11666666666666667, 0.0625, 0.05511811023622047, 0.050724637681159424, 0.025044722719141325]\"}",
  "{\"Graph_name\": \"tetrahydrofolate_biosynthesis_II.grp\", \"Node Average of Graph\": \"1.0769230769230769\", \"Strength Average of Graph\": \"5.0\", \"Average weight of  Graph\": \"4.642857142857143\", \"Characteristic Path Length of  Graph\": \"4.243589743589744\", \"Clustering Coefficient of Graph\": \"0\", \"Closeness_Centrality\": \"[12.0, 0.9230769230769231, inf, inf, 0.16666666666666666, 0.13333333333333333, 4.0, 1.0909090909090908, 0.3157894736842105, 0.16216216216216217, 0.1518987341772152, 0.11009174311926606, 0.06976744186046512]\"}",
  "{\"Graph_name\": \"fatty_acid_elongation_--_saturated.grp\", \"Node Average of Graph\": \"1.0\", \"Strength Average of Graph\": \"5.0\", \"Average weight of  Graph\": \"5.0\", \"Characteristic Path Length of  Graph\": \"10.0\", \"Clustering Coefficient of Graph\": \"0.0\", \"Closeness_Centrality\": \"[0.15789473684210525, 0.08571428571428572, 0.08571428571428572, 0.0967741935483871]\"}",
  "{\"Graph_name\": \"valine_biosynthesis.grp\", \"Node Average of Graph\": \"0.75\", \"Strength Average of Graph\": \"4.25\", \"Average weight of  Graph\": \"5.666666666666667\", \"Characteristic Path Length of  Graph\": \"4.75\", \"Clustering Coefficient of Graph\": \"0.0\", \"Closeness_Centrality\": \"[0.1111111111111111, 0.14285714285714285, inf, 0.3333333333333333]\"}",
  "{\"Graph_name\": \"arginine_degradation_VII_(arginase_3_pathway).grp\", \"Node Average of Graph\": \"0.6666666666666666\", \"Strength Average of Graph\": \"1.3333333333333333\", \"Average weight of  Graph\": \"2.0\", \"Characteristic Path Length of  Graph\": \"0.6666666666666666\", \"Clustering Coefficient of Graph\": \"0.0\", \"Closeness_Centrality\": \"[inf, 0.5, inf]\"}",
  "{\"Graph_name\": \"acetyl_CoA_fermentation_to_butyrate.grp\", \"Node Average of Graph\": \"0.8333333333333334\", \"Strength Average of Graph\": \"4.333333333333333\", \"Average weight of  Graph\": \"5.2\", \"Characteristic Path Length of  Graph\": \"5.766666666666667\", \"Clustering Coefficient of Graph\": \"0.0\", \"Closeness_Centrality\": \"[inf, 0.625, 0.22727272727272727, 0.2, 0.10204081632653061, 0.07246376811594203]\"}",
  "{\"Graph_name\": \"thioredoxin_pathway.grp\", \"Node Average of Graph\": \"1.0\", \"Strength Average of Graph\": \"6.5\", \"Average weight of  Graph\": \"6.5\", \"Characteristic Path Length of  Graph\": \"6.5\", \"Clustering Coefficient of Graph\": \"0.0\", \"Closeness_Centrality\": \"[0.25, 0.1111111111111111]\"}",
  "{\"Graph_name\": \"urea_cycle.grp\", \"Node Average of Graph\": \"1.0\", \"Strength Average of Graph\": \"4.6\", \"Average weight of  Graph\": \"4.6\", \"Characteristic Path Length of  Graph\": \"8.0\", \"Clustering Coefficient of Graph\": \"0.0\", \"Closeness_Centrality\": \"[0.14285714285714285, 0.13333333333333333, 0.08333333333333333, 0.13333333333333333, 0.16666666666666666]\"}",
  "{\"Graph_name\": \"glutaryl-CoA_degradation.grp\", \"Node Average of Graph\": \"0.8\", \"Strength Average of Graph\": \"3.6\", \"Average weight of  Graph\": \"4.5\", \"Characteristic Path Length of  Graph\": \"4.2\", \"Clustering Coefficient of Graph\": \"0.0\", \"Closeness_Centrality\": \"[inf, 0.4, 0.3333333333333333, 0.14814814814814814, 0.11428571428571428]\"}",
  "{\"Graph_name\": \"proline_biosynthesis_I.grp\", \"Node Average of Graph\": \"0.8\", \"Strength Average of Graph\": \"5.2\", \"Average weight of  Graph\": \"6.5\", \"Characteristic Path Length of  Graph\": \"6.4\", \"Clustering Coefficient of Graph\": \"0.0\", \"Closeness_Centrality\": \"[0.06557377049180328, 0.10810810810810811, 0.18181818181818182, inf, 0.5]\"}",
  "{\"Graph_name\": \"tetrapyrrole_biosynthesis_I.grp\", \"Node Average of Graph\": \"0.8333333333333334\", \"Strength Average of Graph\": \"4.5\", \"Average weight of  Graph\": \"5.4\", \"Characteristic Path Length of  Graph\": \"6.266666666666667\", \"Clustering Coefficient of Graph\": \"0.0\", \"Closeness_Centrality\": \"[0.07352941176470588, 0.08620689655172414, 0.14705882352941177, 0.2631578947368421, 0.5555555555555556, inf]\"}",
  "{\"Graph_name\": \"nitrate_reduction_I.grp\", \"Node Average of Graph\": \"0.75\", \"Strength Average of Graph\": \"3.5\", \"Average weight of  Graph\": \"4.666666666666667\", \"Characteristic Path Length of  Graph\": \"3.9166666666666665\", \"Clustering Coefficient of Graph\": \"0.0\", \"Closeness_Centrality\": \"[0.2727272727272727, inf, 3.0, 0.08571428571428572]\"}",
  "{\"Graph_name\": \"lysine_biosynthesis_II.grp\", \"Node Average of Graph\": \"1.0\", \"Strength Average of Graph\": \"4.0\", \"Average weight of  Graph\": \"4.0\", \"Characteristic Path Length of  Graph\": \"5.5\", \"Clustering Coefficient of Graph\": \"0.0\", \"Closeness_Centrality\": \"[0.24242424242424243, 8.0, inf, 0.8888888888888888, 0.21621621621621623, 0.11940298507462686, 0.14545454545454545, 0.11594202898550725, 0.064]\"}",
  "{\"Graph_name\": \"respiration_(anaerobic)--_electron_acceptors_reaction_list.grp\", \"Node Average of Graph\": \"0.6666666666666666\", \"Strength Average of Graph\": \"3.6666666666666665\", \"Average weight of  Graph\": \"5.5\", \"Characteristic Path Length of  Graph\": \"1.8333333333333333\", \"Clustering Coefficient of Graph\": \"0.0\", \"Closeness_Centrality\": \"[0.18181818181818182, inf, inf]\"}",
  "{\"Graph_name\": \"quinate_degradation.grp\", \"Node Average of Graph\": \"0.6666666666666666\", \"Strength Average of Graph\": \"2.0\", \"Average weight of  Graph\": \"3.0\", \"Characteristic Path Length of  Graph\": \"2.0\", \"Clustering Coefficient of Graph\": \"0.0\", \"Closeness_Centrality\": \"[1.0, inf, 0.2]\"}",
  "{\"Graph_name\": \"pantothenate_biosynthesis_I.grp\", \"Node Average of Graph\": \"0.75\", \"Strength Average of Graph\": \"3.0\", \"Average weight of  Graph\": \"4.0\", \"Characteristic Path Length of  Graph\": \"3.5\", \"Clustering Coefficient of Graph\": \"0.0\", \"Closeness_Centrality\": \"[0.13636363636363635, 0.1875, 0.75, inf]\"}",
  "{\"Graph_name\": \"superpathway_of_leucine-_valine-_alanine-_and_isoleucine_biosynthesis.grp\", \"Node Average of Graph\": \"1.1818181818181819\", \"Strength Average of Graph\": \"6.545454545454546\", \"Average weight of  Graph\": \"5.538461538461538\", \"Characteristic Path Length of  Graph\": \"10.227272727272727\", \"Clustering Coefficient of Graph\": \"0.0\", \"Closeness_Centrality\": \"[0.20408163265306123, inf, 0.13157894736842105, 0.10869565217391304, 0.10204081632653061, 0.09090909090909091, 0.125, 0.05813953488372093, 0.09174311926605505, 0.12987012987012986, 0.03816793893129771]\"}",
  "{\"Graph_name\": \"formaldehyde_assimilation_I_(serine_pathway).grp\", \"Node Average of Graph\": \"1.1818181818181819\", \"Strength Average of Graph\": \"5.454545454545454\", \"Average weight of  Graph\": \"4.615384615384615\", \"Characteristic Path Length of  Graph\": \"17.318181818181817\", \"Clustering Coefficient of Graph\": \"0.09090909090909091\", \"Closeness_Centrality\": \"[0.058823529411764705, 0.05952380952380952, 0.06896551724137931, 0.058823529411764705, 0.0425531914893617, 0.053475935828877004, 0.045871559633027525, inf, 0.04310344827586207, 0.05154639175257732, 0.053763440860215055]\"}",
  "{\"Graph_name\": \"formylTHF_biosynthesis_II.grp\", \"Node Average of Graph\": \"1.4545454545454546\", \"Strength Average of Graph\": \"9.818181818181818\", \"Average weight of  Graph\": \"6.75\", \"Characteristic Path Length of  Graph\": \"9.281818181818181\", \"Clustering Coefficient of Graph\": \"0\", \"Closeness_Centrality\": \"[0.08333333333333333, 0.10526315789473684, 0.09009009009009009, 0.07407407407407407, 0.08403361344537816, inf, inf, inf, 0.07246376811594203, 0.07246376811594203, 0.06060606060606061]\"}",
  "{\"Graph_name\": \"alanine_degradation_IV.grp\", \"Node Average of Graph\": \"None\", \"Strength Average of Graph\": \"nan\", \"Average weight of  Graph\": \"nan\", \"Characteristic Path Length of  Graph\": \"None\", \"Clustering Coefficient of Graph\": \"0\", \"Closeness_Centrality\": \"[]\"}",
  "{\"Graph_name\": \"threonine_biosynthesis_from_homoserine.grp\", \"Node Average of Graph\": \"0.5\", \"Strength Average of Graph\": \"2.0\", \"Average weight of  Graph\": \"4.0\", \"Characteristic Path Length of  Graph\": \"2.0\", \"Clustering Coefficient of Graph\": \"0.0\", \"Closeness_Centrality\": \"[inf, 0.25]\"}",
  "{\"Graph_name\": \"aerobic_respiration_--_electron_donor_II.grp\", \"Node Average of Graph\": \"1.5\", \"Strength Average of Graph\": \"8.75\", \"Average weight of  Graph\": \"5.833333333333333\", \"Characteristic Path Length of  Graph\": \"8.75\", \"Clustering Coefficient of Graph\": \"0.0\", \"Closeness_Centrality\": \"[0.125, 0.07692307692307693, 0.09375, 0.3]\"}",
  "{\"Graph_name\": \"UDP-glucose_conversion.grp\", \"Node Average of Graph\": \"0.75\", \"Strength Average of Graph\": \"3.5\", \"Average weight of  Graph\": \"4.666666666666667\", \"Characteristic Path Length of  Graph\": \"2.9166666666666665\", \"Clustering Coefficient of Graph\": \"0.0\", \"Closeness_Centrality\": \"[0.10714285714285714, inf, inf, 0.42857142857142855]\"}",
  "{\"Graph_name\": \"threonine_degradation_I.grp\", \"Node Average of Graph\": \"0.9\", \"Strength Average of Graph\": \"4.0\", \"Average weight of  Graph\": \"4.444444444444445\", \"Characteristic Path Length of  Graph\": \"0.7777777777777778\", \"Clustering Coefficient of Graph\": \"0.23333333333333334\", \"Closeness_Centrality\": \"[inf, 9.0, inf, 0.32142857142857145, inf, inf, 0.5, inf, inf, 0.391304347826087]\"}",
  "{\"Graph_name\": \"pentose_phosphate_pathway_(partial).grp\", \"Node Average of Graph\": \"0.5\", \"Strength Average of Graph\": \"5.0\", \"Average weight of  Graph\": \"10.0\", \"Characteristic Path Length of  Graph\": \"5.0\", \"Clustering Coefficient of Graph\": \"0.0\", \"Closeness_Centrality\": \"[inf, 0.1]\"}",
  "{\"Graph_name\": \"biotin_biosynthesis_II.grp\", \"Node Average of Graph\": \"1.0\", \"Strength Average of Graph\": \"4.25\", \"Average weight of  Graph\": \"4.25\", \"Characteristic Path Length of  Graph\": \"3.25\", \"Clustering Coefficient of Graph\": \"0\", \"Closeness_Centrality\": \"[inf, 3.0, 0.42857142857142855, 0.0967741935483871]\"}",
  "{\"Graph_name\": \"folate_polyglutamylation_I.grp\", \"Node Average of Graph\": \"0.6666666666666666\", \"Strength Average of Graph\": \"2.3333333333333335\", \"Average weight of  Graph\": \"3.5\", \"Characteristic Path Length of  Graph\": \"0.6666666666666666\", \"Clustering Coefficient of Graph\": \"0\", \"Closeness_Centrality\": \"[inf, 0.5, inf]\"}",
  "{\"Graph_name\": \"heme_biosynthesis_II.grp\", \"Node Average of Graph\": \"0.75\", \"Strength Average of Graph\": \"3.75\", \"Average weight of  Graph\": \"5.0\", \"Characteristic Path Length of  Graph\": \"4.583333333333333\", \"Clustering Coefficient of Graph\": \"0.0\", \"Closeness_Centrality\": \"[0.14285714285714285, inf, 3.0, 0.09090909090909091]\"}",
  "{\"Graph_name\": \"pyruvate_fermentation_to_acetate_and_lactate_II.grp\", \"Node Average of Graph\": \"0.6666666666666666\", \"Strength Average of Graph\": \"4.666666666666667\", \"Average weight of  Graph\": \"7.0\", \"Characteristic Path Length of  Graph\": \"4.666666666666667\", \"Clustering Coefficient of Graph\": \"0.0\", \"Closeness_Centrality\": \"[inf, 0.25, 0.1]\"}",
  "{\"Graph_name\": \"asparagine_biosynthesis_I.grp\", \"Node Average of Graph\": \"0.5\", \"Strength Average of Graph\": \"5.0\", \"Average weight of  Graph\": \"10.0\", \"Characteristic Path Length of  Graph\": \"5.0\", \"Clustering Coefficient of Graph\": \"0.0\", \"Closeness_Centrality\": \"[inf, 0.1]\"}",
  "{\"Graph_name\": \"lysine_fermentation_to_acetate_and_butyrate.grp\", \"Node Average of Graph\": \"1.1\", \"Strength Average of Graph\": \"6.2\", \"Average weight of  Graph\": \"5.636363636363637\", \"Characteristic Path Length of  Graph\": \"9.922222222222222\", \"Clustering Coefficient of Graph\": \"0.0\", \"Closeness_Centrality\": \"[inf, 0.9, 0.16666666666666666, 0.10344827586206896, 0.10843373493975904, 0.09, 0.13432835820895522, 0.09473684210526316, 0.05389221556886228, 0.0391304347826087]\"}",
  "{\"Graph_name\": \"canavanine_degradation.grp\", \"Node Average of Graph\": \"0.6666666666666666\", \"Strength Average of Graph\": \"4.666666666666667\", \"Average weight of  Graph\": \"7.0\", \"Characteristic Path Length of  Graph\": \"2.3333333333333335\", \"Clustering Coefficient of Graph\": \"0.0\", \"Closeness_Centrality\": \"[inf, inf, 0.14285714285714285]\"}",
  "{\"Graph_name\": \"removal_of_superoxide_radicals.grp\", \"Node Average of Graph\": \"0.5\", \"Strength Average of Graph\": \"5.0\", \"Average weight of  Graph\": \"10.0\", \"Characteristic Path Length of  Graph\": \"5.0\", \"Clustering Coefficient of Graph\": \"0.0\", \"Closeness_Centrality\": \"[inf, 0.1]\"}",
  "{\"Graph_name\": \"biotin_biosynthesis_I.grp\", \"Node Average of Graph\": \"0.75\", \"Strength Average of Graph\": \"4.5\", \"Average weight of  Graph\": \"6.0\", \"Characteristic Path Length of  Graph\": \"4.666666666666667\", \"Clustering Coefficient of Graph\": \"0.0\", \"Closeness_Centrality\": \"[0.08823529411764706, 0.23076923076923078, inf, 0.3333333333333333]\"}",
  "{\"Graph_name\": \"branched-chain_-alpha--keto_acid_dehydrogenase_complex.grp\", \"Node Average of Graph\": \"1.0\", \"Strength Average of Graph\": \"3.3333333333333335\", \"Average weight of  Graph\": \"3.3333333333333335\", \"Characteristic Path Length of  Graph\": \"5.0\", \"Clustering Coefficient of Graph\": \"0.0\", \"Closeness_Centrality\": \"[0.16666666666666666, 0.25, 0.2]\"}",
  "{\"Graph_name\": \"superpathway_of_cysteine_biosynthesis.grp\", \"Node Average of Graph\": \"0.8888888888888888\", \"Strength Average of Graph\": \"5.222222222222222\", \"Average weight of  Graph\": \"5.875\", \"Characteristic Path Length of  Graph\": \"3.4444444444444446\", \"Clustering Coefficient of Graph\": \"0.0\", \"Closeness_Centrality\": \"[0.2857142857142857, 0.13559322033898305, 0.14545454545454545, 1.0, inf, 8.0, 0.5333333333333333, 0.14545454545454545, 0.2962962962962963]\"}",
  "{\"Graph_name\": \"TCA_cycle.grp\", \"Node Average of Graph\": \"1.125\", \"Strength Average of Graph\": \"6.125\", \"Average weight of  Graph\": \"5.444444444444445\", \"Characteristic Path Length of  Graph\": \"22.5\", \"Clustering Coefficient of Graph\": \"0\", \"Closeness_Centrality\": \"[0.03553299492385787, 0.04294478527607362, 0.05185185185185185, 0.043209876543209874, 0.06481481481481481, 0.051094890510948905, 0.04216867469879518, 0.036458333333333336]\"}",
  "{\"Graph_name\": \"folate_transformations.grp\", \"Node Average of Graph\": \"1.5555555555555556\", \"Strength Average of Graph\": \"5.0\", \"Average weight of  Graph\": \"3.2142857142857144\", \"Characteristic Path Length of  Graph\": \"4.666666666666667\", \"Clustering Coefficient of Graph\": \"0.0\", \"Closeness_Centrality\": \"[0.1038961038961039, inf, 8.0, 0.2222222222222222, 0.1951219512195122, 0.13333333333333333, 0.1568627450980392, 4.0, 0.11764705882352941]\"}",
  "{\"Graph_name\": \"aerobic_respiration_--_electron_donors_reaction_list.grp\", \"Node Average of Graph\": \"1.0\", \"Strength Average of Graph\": \"4.0\", \"Average weight of  Graph\": \"4.0\", \"Characteristic Path Length of  Graph\": \"nan\", \"Clustering Coefficient of Graph\": \"0\", \"Closeness_Centrality\": \"[nan]\"}"
]